,Time,Var1,Std,Категория дня,Время года
0,2019-12-21,0.5433778577744095,+-1Std,White,Зима
1,2019-12-22,0.504853337637701,+-1Std,White,Зима
2,2019-12-23,0.4303557297965193,+-3Std,Black,Зима
3,2019-12-24,0.5277816932425651,+-1Std,White,Зима
4,2019-12-25,0.497516859665639,+-2Std,Black,Зима
5,2019-12-26,0.47082344560481587,+-2Std,Black,Зима
6,2019-12-27,0.49516058699947807,+-2Std,Black,Зима
7,2019-12-28,0.560988708279062,+-1Std,White,Зима
8,2019-12-29,0.47110557948618315,+-2Std,Black,Зима
9,2019-12-30,0.5583253547523674,+-1Std,White,Зима
10,2019-12-31,0.49077698765714156,+-2Std,Black,Зима
11,2020-01-01,0.5567657267733132,+-1Std,White,Зима
12,2020-01-02,0.46902768717837207,+-2Std,Black,Зима
13,2020-01-03,0.40772698222867654,+-3Std,Black,Зима
14,2020-01-04,0.5244689336767462,+-1Std,White,Зима
15,2020-01-05,0.5814195683365904,+-1Std,White,Зима
16,2020-01-06,0.6387536300375093,+-2Std,Black,Зима
17,2020-01-07,0.6017189892263812,+-1Std,White,Зима
18,2020-01-08,0.5816240443132153,+-1Std,White,Зима
19,2020-01-09,0.536391804352894,+-1Std,White,Зима
20,2020-01-10,0.632211186373741,+-2Std,Black,Зима
21,2020-01-11,0.5922781961127987,+-1Std,White,Зима
22,2020-01-12,0.5096355372179145,+-1Std,White,Зима
23,2020-01-13,0.5320109337219603,+-1Std,White,Зима
24,2020-01-14,0.605582122888501,+-2Std,Black,Зима
25,2020-01-15,0.5643731698681986,+-1Std,White,Зима
26,2020-01-16,0.5520815499730696,+-1Std,White,Зима
27,2020-01-17,0.519279038386968,+-1Std,White,Зима
28,2020-01-18,0.5678012256879621,+-1Std,White,Зима
29,2020-01-19,0.49721884079583795,+-2Std,Black,Зима
30,2020-01-20,0.4851085876338402,+-2Std,Black,Зима
31,2020-01-21,0.5333702701064422,+-1Std,White,Зима
32,2020-01-22,0.5152421296652067,+-1Std,White,Зима
33,2020-01-23,0.5135925807838788,+-1Std,White,Зима
34,2020-01-24,0.44673736230286015,+-3Std,Black,Зима
35,2020-01-25,0.5177068171523816,+-1Std,White,Зима
36,2020-01-26,0.4588140569555124,+-2Std,Black,Зима
37,2020-01-27,0.5237585271438497,+-1Std,White,Зима
38,2020-01-28,0.5053045944473505,+-1Std,White,Зима
39,2020-01-29,0.5236945384004208,+-1Std,White,Зима
40,2020-01-30,0.5059683810837844,+-1Std,White,Зима
41,2020-01-31,0.5370936477413436,+-1Std,White,Зима
42,2020-02-01,0.5679353568242457,+-1Std,White,Зима
43,2020-02-02,0.5632285963529738,+-1Std,White,Зима
44,2020-02-03,0.6478509116878248,+-2Std,Black,Зима
45,2020-02-04,0.5827883093727324,+-1Std,White,Зима
46,2020-02-05,0.546305759304432,+-1Std,White,Зима
47,2020-02-06,0.5613536538993827,+-1Std,White,Зима
48,2020-02-07,0.4984565226754619,+-2Std,Black,Зима
49,2020-02-08,0.44338483779004695,+-3Std,Black,Зима
50,2020-02-09,0.5180155370944844,+-1Std,White,Зима
51,2020-02-10,0.5074312259854394,+-1Std,White,Зима
52,2020-02-11,0.4939662727470357,+-2Std,Black,Зима
53,2020-02-12,0.5380714303084212,+-1Std,White,Зима
54,2020-02-13,0.5190321522085221,+-1Std,White,Зима
55,2020-02-14,0.37534808920570056,> +-3Std,Black,Зима
56,2020-02-15,0.4343302530802531,+-3Std,Black,Зима
57,2020-02-16,0.5871645389416473,+-1Std,White,Зима
58,2020-02-17,0.5929186744144975,+-1Std,White,Зима
59,2020-02-18,0.5535456302803482,+-1Std,White,Зима
60,2020-02-19,0.5480918415395398,+-1Std,White,Зима
61,2020-02-20,0.5866129775142156,+-1Std,White,Зима
62,2020-02-21,0.4758318320704949,+-2Std,Black,Зима
63,2020-02-22,0.6307657052174596,+-2Std,Black,Зима
64,2020-02-23,0.5118086635238891,+-1Std,White,Зима
65,2020-02-24,0.44639330510759084,+-3Std,Black,Зима
66,2020-02-25,0.5472064648638076,+-1Std,White,Зима
67,2020-02-26,0.5044904982835839,+-2Std,Black,Зима
68,2020-02-27,0.5814290402783124,+-1Std,White,Зима
69,2020-02-28,0.567028488499672,+-1Std,White,Зима
70,2020-02-29,0.6158319554296997,+-2Std,Black,Зима
71,2020-03-01,0.5586647802554037,+-1Std,White,Весна
72,2020-03-02,0.5129682321938959,+-1Std,White,Весна
73,2020-03-03,0.5877221448133643,+-1Std,White,Весна
74,2020-03-04,0.5570221645800593,+-1Std,White,Весна
75,2020-03-05,0.5279657692878377,+-1Std,White,Весна
76,2020-03-06,0.49392981187443846,+-2Std,Black,Весна
77,2020-03-07,0.5749575457278603,+-1Std,White,Весна
78,2020-03-08,0.4520274762002703,+-3Std,Black,Весна
79,2020-03-09,0.6169135590206363,+-2Std,Black,Весна
80,2020-03-10,0.45290300876797795,+-3Std,Black,Весна
81,2020-03-11,0.5225595883115395,+-1Std,White,Весна
82,2020-03-12,0.5687452974542379,+-1Std,White,Весна
83,2020-03-13,0.5347009742153707,+-1Std,White,Весна
84,2020-03-14,0.5786015175901074,+-1Std,White,Весна
85,2020-03-15,0.4891812068040389,+-2Std,Black,Весна
86,2020-03-16,0.4859525484031413,+-2Std,Black,Весна
87,2020-03-17,0.5623422447297048,+-1Std,White,Весна
88,2020-03-18,0.5621141790728558,+-1Std,White,Весна
89,2020-03-19,0.5514402246592961,+-1Std,White,Весна
90,2020-03-20,0.5234872066647913,+-1Std,White,Весна
91,2020-03-21,0.5737105014327236,+-1Std,White,Весна
92,2020-03-22,0.6161999004047058,+-2Std,Black,Весна
93,2020-03-23,0.552476409168373,+-1Std,White,Весна
94,2020-03-24,0.5673214010973773,+-1Std,White,Весна
95,2020-03-25,0.5786177202485538,+-1Std,White,Весна
96,2020-03-26,0.5593504377642241,+-1Std,White,Весна
97,2020-03-27,0.5693957165449429,+-1Std,White,Весна
98,2020-03-28,0.6261376255996207,+-2Std,Black,Весна
99,2020-03-29,0.579470795039829,+-1Std,White,Весна
100,2020-03-30,0.5960191628869652,+-1Std,White,Весна
101,2020-03-31,0.6283043474299937,+-2Std,Black,Весна
102,2020-04-01,0.5840932126951169,+-1Std,White,Весна
103,2020-04-02,0.6662353657552721,+-3Std,Black,Весна
104,2020-04-03,0.6138604587287112,+-2Std,Black,Весна
105,2020-04-04,0.6209250912945186,+-2Std,Black,Весна
106,2020-04-05,0.6157750133456481,+-2Std,Black,Весна
107,2020-04-06,0.6113711649941554,+-2Std,Black,Весна
108,2020-04-07,0.5930634495727403,+-1Std,White,Весна
109,2020-04-08,0.6540719826609598,+-3Std,Black,Весна
110,2020-04-09,0.6517149382492692,+-2Std,Black,Весна
111,2020-04-10,0.6239678104464504,+-2Std,Black,Весна
112,2020-04-11,0.6057488584548806,+-2Std,Black,Весна
113,2020-04-12,0.6168625369319558,+-2Std,Black,Весна
114,2020-04-13,0.604456171283163,+-2Std,Black,Весна
115,2020-04-14,0.6365933184363576,+-2Std,Black,Весна
116,2020-04-15,0.616793815319695,+-2Std,Black,Весна
117,2020-04-16,0.6070946404746655,+-2Std,Black,Весна
118,2020-04-17,0.613221598354072,+-2Std,Black,Весна
119,2020-04-18,0.57345648720537,+-1Std,White,Весна
120,2020-04-19,0.48123884703640823,+-2Std,Black,Весна
121,2020-04-20,0.6051753789163222,+-2Std,Black,Весна
122,2020-04-21,0.6175593073519621,+-2Std,Black,Весна
123,2020-04-22,0.5993940120100844,+-1Std,White,Весна
124,2020-04-23,0.6253473557510048,+-2Std,Black,Весна
125,2020-04-24,0.59478778703082,+-1Std,White,Весна
126,2020-04-25,0.588589788804041,+-1Std,White,Весна
127,2020-04-26,0.6043851859147112,+-2Std,Black,Весна
128,2020-04-27,0.5929370870862486,+-1Std,White,Весна
129,2020-04-28,0.6026424827356823,+-1Std,White,Весна
130,2020-04-29,0.609019042988291,+-2Std,Black,Весна
131,2020-04-30,0.6023232782743099,+-1Std,White,Весна
132,2020-05-01,0.6293076841916715,+-2Std,Black,Весна
133,2020-05-02,0.6067616078271733,+-2Std,Black,Весна
134,2020-05-03,0.5083735031352999,+-1Std,White,Весна
135,2020-05-04,0.6137497862742497,+-2Std,Black,Весна
136,2020-05-05,0.6108529425987429,+-2Std,Black,Весна
137,2020-05-06,0.5964881179068893,+-1Std,White,Весна
138,2020-05-07,0.5929122187482636,+-1Std,White,Весна
139,2020-05-08,0.6124441013418034,+-2Std,Black,Весна
140,2020-05-09,0.5574368967184302,+-1Std,White,Весна
141,2020-05-10,0.6084118291285314,+-2Std,Black,Весна
142,2020-05-11,0.691093353056434,+-3Std,Black,Весна
143,2020-05-12,0.6438242034695886,+-2Std,Black,Весна
144,2020-05-13,0.5922119835302029,+-1Std,White,Весна
145,2020-05-14,0.5906619377148482,+-1Std,White,Весна
146,2020-05-15,0.5730964126703257,+-1Std,White,Весна
147,2020-05-16,0.6525629477690656,+-2Std,Black,Весна
148,2020-05-17,0.6197019118013009,+-2Std,Black,Весна
149,2020-05-18,0.5579123006861455,+-1Std,White,Весна
150,2020-05-19,0.5738229600855745,+-1Std,White,Весна
151,2020-05-20,0.5512497885321086,+-1Std,White,Весна
152,2020-05-21,0.5084551337519043,+-1Std,White,Весна
153,2020-05-22,0.545887635024534,+-1Std,White,Весна
154,2020-05-23,0.5059218317060298,+-1Std,White,Весна
155,2020-05-24,0.5041887257039918,+-2Std,Black,Весна
156,2020-05-25,0.6068063544431377,+-2Std,Black,Весна
157,2020-05-26,0.5760320607702675,+-1Std,White,Весна
158,2020-05-27,0.5624948323644591,+-1Std,White,Весна
159,2020-05-28,0.5637429365666038,+-1Std,White,Весна
160,2020-05-29,0.5242891458057294,+-1Std,White,Весна
161,2020-05-30,0.6073837565281311,+-2Std,Black,Весна
162,2020-05-31,0.5962276692272578,+-1Std,White,Весна
163,2020-06-01,0.5249887888138628,+-1Std,White,Лето
164,2020-06-02,0.5800841107636154,+-1Std,White,Лето
165,2020-06-03,0.6436471260961769,+-2Std,Black,Лето
166,2020-06-04,0.664782582482753,+-3Std,Black,Лето
167,2020-06-05,0.6398420838414243,+-2Std,Black,Лето
168,2020-06-06,0.6343988971943515,+-2Std,Black,Лето
169,2020-06-07,0.5665148319888982,+-1Std,White,Лето
170,2020-06-08,0.6097217980595852,+-2Std,Black,Лето
171,2020-06-09,0.5805151155861639,+-1Std,White,Лето
172,2020-06-10,0.6428463487538734,+-2Std,Black,Лето
173,2020-06-11,0.5637078450438886,+-1Std,White,Лето
174,2020-06-12,0.6480793084066364,+-2Std,Black,Лето
175,2020-06-13,0.604506746137369,+-2Std,Black,Лето
176,2020-06-14,0.5562059128281055,+-1Std,White,Лето
177,2020-06-15,0.5726174163162815,+-1Std,White,Лето
178,2020-06-16,0.5618269395602884,+-1Std,White,Лето
179,2020-06-17,0.6222593382865075,+-2Std,Black,Лето
180,2020-06-18,0.5896141994619504,+-1Std,White,Лето
181,2020-06-19,0.6110661065868216,+-2Std,Black,Лето
182,2020-06-20,0.6406340634611426,+-2Std,Black,Лето
183,2020-06-21,0.550449014167885,+-1Std,White,Лето
184,2020-06-22,0.5567234681591937,+-1Std,White,Лето
185,2020-06-23,0.5913375180394391,+-1Std,White,Лето
186,2020-06-24,0.5653869724953711,+-1Std,White,Лето
187,2020-06-25,0.6175637042180822,+-2Std,Black,Лето
188,2020-06-26,0.6900531271350516,+-3Std,Black,Лето
189,2020-06-27,0.5640207571691529,+-1Std,White,Лето
190,2020-06-28,0.5871449891730333,+-1Std,White,Лето
191,2020-06-29,0.5687794714467109,+-1Std,White,Лето
192,2020-06-30,0.5421935779469822,+-1Std,White,Лето
193,2020-07-01,0.5571131677688378,+-1Std,White,Лето
194,2020-07-02,0.5821227566554488,+-1Std,White,Лето
195,2020-07-03,0.6012072380653622,+-1Std,White,Лето
196,2020-07-04,0.5488400682984633,+-1Std,White,Лето
197,2020-07-05,0.5620824123696002,+-1Std,White,Лето
198,2020-07-06,0.5544669301952311,+-1Std,White,Лето
199,2020-07-07,0.6419781937907101,+-2Std,Black,Лето
200,2020-07-08,0.5716146351074202,+-1Std,White,Лето
201,2020-07-09,0.6010536088999321,+-1Std,White,Лето
202,2020-07-10,0.6329050251820059,+-2Std,Black,Лето
203,2020-07-11,0.5736435066140418,+-1Std,White,Лето
204,2020-07-12,0.5447814621672334,+-1Std,White,Лето
205,2020-07-13,0.6054274365803676,+-2Std,Black,Лето
206,2020-07-14,0.5270332946490762,+-1Std,White,Лето
207,2020-07-15,0.5403502812044017,+-1Std,White,Лето
208,2020-07-16,0.5910075687992287,+-1Std,White,Лето
209,2020-07-17,0.557260965659173,+-1Std,White,Лето
210,2020-07-18,0.46792566665755075,+-2Std,Black,Лето
211,2020-07-19,0.461643624574659,+-2Std,Black,Лето
212,2020-07-20,0.5574404247768482,+-1Std,White,Лето
213,2020-07-21,0.5728372528504136,+-1Std,White,Лето
214,2020-07-22,0.5232395008486111,+-1Std,White,Лето
215,2020-07-23,0.5178175105696701,+-1Std,White,Лето
216,2020-07-24,0.555308525099457,+-1Std,White,Лето
217,2020-07-25,0.5615583631344501,+-1Std,White,Лето
218,2020-07-26,0.6598929034547764,+-3Std,Black,Лето
219,2020-07-27,0.6073430683809941,+-2Std,Black,Лето
220,2020-07-28,0.5792002155289109,+-1Std,White,Лето
221,2020-07-29,0.526142099820377,+-1Std,White,Лето
222,2020-07-30,0.5042187761161768,+-2Std,Black,Лето
223,2020-07-31,0.5622707445075943,+-1Std,White,Лето
224,2020-08-01,0.5636410501481431,+-1Std,White,Лето
225,2020-08-02,0.5882128105287963,+-1Std,White,Лето
226,2020-08-03,0.5733119618493931,+-1Std,White,Лето
227,2020-08-04,0.4802444310841168,+-2Std,Black,Лето
228,2020-08-05,0.5435464917863492,+-1Std,White,Лето
229,2020-08-06,0.555756923138985,+-1Std,White,Лето
230,2020-08-07,0.5627893908055546,+-1Std,White,Лето
231,2020-08-08,0.546667250977133,+-1Std,White,Лето
232,2020-08-09,0.5510273926157384,+-1Std,White,Лето
233,2020-08-10,0.5800858495907949,+-1Std,White,Лето
234,2020-08-11,0.5183899288928344,+-1Std,White,Лето
235,2020-08-12,0.5194818151363928,+-1Std,White,Лето
236,2020-08-13,0.5501559375990055,+-1Std,White,Лето
237,2020-08-14,0.5619547319656599,+-1Std,White,Лето
238,2020-08-15,0.5519511170840512,+-1Std,White,Лето
239,2020-08-16,0.59910638481562,+-1Std,White,Лето
240,2020-08-17,0.5803210961859735,+-1Std,White,Лето
241,2020-08-18,0.5730524275525971,+-1Std,White,Лето
242,2020-08-19,0.5323848387758162,+-1Std,White,Лето
243,2020-08-20,0.5199547270754701,+-1Std,White,Лето
244,2020-08-21,0.4509143010008062,+-3Std,Black,Лето
245,2020-08-22,0.5448265357453725,+-1Std,White,Лето
246,2020-08-23,0.5039584898408428,+-2Std,Black,Лето
247,2020-08-24,0.6061160880831772,+-2Std,Black,Лето
248,2020-08-25,0.5700303759135299,+-1Std,White,Лето
249,2020-08-26,0.5508569887822837,+-1Std,White,Лето
250,2020-08-27,0.5054772409752681,+-1Std,White,Лето
251,2020-08-28,0.5890704687867833,+-1Std,White,Лето
252,2020-08-29,0.473162568859535,+-2Std,Black,Лето
253,2020-08-30,0.5520030522482889,+-1Std,White,Лето
254,2020-08-31,0.6379129163736567,+-2Std,Black,Лето
255,2020-09-01,0.42603702267881366,+-3Std,Black,Осень
256,2020-09-02,0.5314967979519016,+-1Std,White,Осень
257,2020-09-03,0.5365762726677032,+-1Std,White,Осень
258,2020-09-04,0.4745877312204723,+-2Std,Black,Осень
259,2020-09-05,0.6355542589119494,+-2Std,Black,Осень
260,2020-09-06,0.6295426991282047,+-2Std,Black,Осень
261,2020-09-07,0.53037710052641,+-1Std,White,Осень
262,2020-09-08,0.583970795536506,+-1Std,White,Осень
263,2020-09-09,0.5680543946164013,+-1Std,White,Осень
264,2020-09-10,0.5293998347625322,+-1Std,White,Осень
265,2020-09-11,0.5549056343453692,+-1Std,White,Осень
266,2020-09-12,0.5555306025230836,+-1Std,White,Осень
267,2020-09-13,0.5328032194639799,+-1Std,White,Осень
268,2020-09-14,0.6634948372047238,+-3Std,Black,Осень
269,2020-09-15,0.5656106054481718,+-1Std,White,Осень
270,2020-09-16,0.5561505861640197,+-1Std,White,Осень
271,2020-09-17,0.5449217656570597,+-1Std,White,Осень
272,2020-09-18,0.586870017311969,+-1Std,White,Осень
273,2020-09-19,0.6134273446773446,+-2Std,Black,Осень
274,2020-09-20,0.509052841191459,+-1Std,White,Осень
275,2020-09-21,0.44802906955394406,+-3Std,Black,Осень
276,2020-09-22,0.5292686333743187,+-1Std,White,Осень
277,2020-09-23,0.5982415173424149,+-1Std,White,Осень
278,2020-09-24,0.6133072771185196,+-2Std,Black,Осень
279,2020-09-25,0.5973724233987293,+-1Std,White,Осень
280,2020-09-26,0.4894690624832396,+-2Std,Black,Осень
281,2020-09-27,0.516543415359691,+-1Std,White,Осень
282,2020-09-28,0.5745193544319541,+-1Std,White,Осень
283,2020-09-29,0.5373008325334037,+-1Std,White,Осень
284,2020-09-30,0.6439091931825731,+-2Std,Black,Осень
285,2020-10-01,0.5921172718846922,+-1Std,White,Осень
286,2020-10-02,0.538102382599959,+-1Std,White,Осень
287,2020-10-03,0.5551036970234677,+-1Std,White,Осень
288,2020-10-04,0.5745248647630828,+-1Std,White,Осень
289,2020-10-05,0.5873406407637152,+-1Std,White,Осень
290,2020-10-06,0.6380393900087308,+-2Std,Black,Осень
291,2020-10-07,0.4848665678131663,+-2Std,Black,Осень
292,2020-10-08,0.5897879538864933,+-1Std,White,Осень
293,2020-10-09,0.6022076194994289,+-1Std,White,Осень
294,2020-10-10,0.5276725179579661,+-1Std,White,Осень
295,2020-10-11,0.6380602082760439,+-2Std,Black,Осень
296,2020-10-12,0.578807159927155,+-1Std,White,Осень
297,2020-10-13,0.5926919905268093,+-1Std,White,Осень
298,2020-10-14,0.6350844903778299,+-2Std,Black,Осень
299,2020-10-15,0.6385847152289456,+-2Std,Black,Осень
300,2020-10-16,0.5823497028338143,+-1Std,White,Осень
301,2020-10-17,0.574262407539614,+-1Std,White,Осень
302,2020-10-18,0.6189551416267103,+-2Std,Black,Осень
303,2020-10-19,0.6186023640920217,+-2Std,Black,Осень
304,2020-10-20,0.5644687970812509,+-1Std,White,Осень
305,2020-10-21,0.5600000593585098,+-1Std,White,Осень
306,2020-10-22,0.5199384708886331,+-1Std,White,Осень
307,2020-10-23,0.5666588225260308,+-1Std,White,Осень
308,2020-10-24,0.6072270913802984,+-2Std,Black,Осень
309,2020-10-25,0.6169183390761014,+-2Std,Black,Осень
310,2020-10-26,0.5928164828456214,+-1Std,White,Осень
311,2020-10-27,0.5664288855167209,+-1Std,White,Осень
312,2020-10-28,0.5953643611905416,+-1Std,White,Осень
313,2020-10-29,0.6293454125980829,+-2Std,Black,Осень
314,2020-10-30,0.5740076351555108,+-1Std,White,Осень
315,2020-10-31,0.5597536796079036,+-1Std,White,Осень
316,2020-11-01,0.4692985449143084,+-2Std,Black,Осень
317,2020-11-02,0.5123737132415724,+-1Std,White,Осень
318,2020-11-03,0.42363119106898645,+-3Std,Black,Осень
319,2020-11-04,0.6039287137985959,+-2Std,Black,Осень
320,2020-11-05,0.6479103004809789,+-2Std,Black,Осень
321,2020-11-06,0.6079248723578875,+-2Std,Black,Осень
322,2020-11-07,0.5325997542368135,+-1Std,White,Осень
323,2020-11-08,0.6144072493766694,+-2Std,Black,Осень
324,2020-11-09,0.5935477599455928,+-1Std,White,Осень
325,2020-11-10,0.6027182331379541,+-1Std,White,Осень
326,2020-11-11,0.488347941470741,+-2Std,Black,Осень
327,2020-11-12,0.562120510302836,+-1Std,White,Осень
328,2020-11-13,0.580959152845733,+-1Std,White,Осень
329,2020-11-14,0.6031295530211241,+-1Std,White,Осень
330,2020-11-15,0.6382790888977302,+-2Std,Black,Осень
331,2020-11-16,0.5426163822755949,+-1Std,White,Осень
332,2020-11-17,0.5766456876691942,+-1Std,White,Осень
333,2020-11-18,0.6210260926755595,+-2Std,Black,Осень
334,2020-11-19,0.569587575410357,+-1Std,White,Осень
335,2020-11-20,0.5580468702349107,+-1Std,White,Осень
336,2020-11-21,0.4576285052566368,+-2Std,Black,Осень
337,2020-11-22,0.5759523587733442,+-1Std,White,Осень
338,2020-11-23,0.5205039036942453,+-1Std,White,Осень
339,2020-11-24,0.627327573563369,+-2Std,Black,Осень
340,2020-11-25,0.5783898686757182,+-1Std,White,Осень
341,2020-11-26,0.5649412497023959,+-1Std,White,Осень
342,2020-11-27,0.552304891946138,+-1Std,White,Осень
343,2020-11-28,0.587608207917252,+-1Std,White,Осень
344,2020-11-29,0.5131999214335001,+-1Std,White,Осень
345,2020-11-30,0.5554782430944081,+-1Std,White,Осень
346,2020-12-01,0.6159627901699329,+-2Std,Black,Зима
347,2020-12-02,0.5732554773830812,+-1Std,White,Зима
348,2020-12-03,0.5891435543270723,+-1Std,White,Зима
349,2020-12-04,0.573664022537747,+-1Std,White,Зима
350,2020-12-05,0.5654287106755836,+-1Std,White,Зима
351,2020-12-06,0.5734467731511554,+-1Std,White,Зима
352,2020-12-07,0.5510074173567926,+-1Std,White,Зима
353,2020-12-08,0.5769280184405469,+-1Std,White,Зима
354,2020-12-09,0.5810951767330821,+-1Std,White,Зима
355,2020-12-10,0.529277446825004,+-1Std,White,Зима
356,2020-12-11,0.5764367600642514,+-1Std,White,Зима
357,2020-12-12,0.487981803896276,+-2Std,Black,Зима
358,2020-12-13,0.4553392922458835,+-2Std,Black,Зима
359,2020-12-14,0.5340676739552302,+-1Std,White,Зима
360,2020-12-15,0.586614686330772,+-1Std,White,Зима
361,2020-12-16,0.5864499534549693,+-1Std,White,Зима
362,2020-12-17,0.5719266971988101,+-1Std,White,Зима
363,2020-12-18,0.5659561901771385,+-1Std,White,Зима
364,2020-12-19,0.583306748221967,+-1Std,White,Зима
365,2020-12-20,0.5256725569776086,+-1Std,White,Зима
366,2020-12-21,0.5396257056121001,+-1Std,White,Зима
367,2020-12-22,0.47709889174942943,+-2Std,Black,Зима
368,2020-12-23,0.530779089608291,+-1Std,White,Зима
369,2020-12-24,0.5288203142892377,+-1Std,White,Зима
370,2020-12-25,0.5416425384775578,+-1Std,White,Зима
371,2020-12-26,0.4476836456479812,+-3Std,Black,Зима
372,2020-12-27,0.4921227120039337,+-2Std,Black,Зима
373,2020-12-28,0.5896143229487429,+-1Std,White,Зима
374,2020-12-29,0.5560535336093789,+-1Std,White,Зима
375,2020-12-30,0.5158744319895464,+-1Std,White,Зима
376,2020-12-31,0.5336172127218705,+-1Std,White,Зима
377,2021-01-01,0.6076452128997297,+-2Std,Black,Зима
378,2021-01-02,0.5969906765488271,+-1Std,White,Зима
379,2021-01-03,0.5948704683572639,+-1Std,White,Зима
380,2021-01-04,0.5419265757776669,+-1Std,White,Зима
381,2021-01-05,0.5586961617676107,+-1Std,White,Зима
382,2021-01-06,0.6426134584369879,+-2Std,Black,Зима
383,2021-01-07,0.5461054446908106,+-1Std,White,Зима
384,2021-01-08,0.5296339654199915,+-1Std,White,Зима
385,2021-01-09,0.5415715921235275,+-1Std,White,Зима
386,2021-01-10,0.5530786768425653,+-1Std,White,Зима
387,2021-01-11,0.5444819802379084,+-1Std,White,Зима
388,2021-01-12,0.5208111794789194,+-1Std,White,Зима
389,2021-01-13,0.5047887087638824,+-1Std,White,Зима
390,2021-01-14,0.5585799859967977,+-1Std,White,Зима
391,2021-01-15,0.5153512352583209,+-1Std,White,Зима
392,2021-01-16,0.5937101470800138,+-1Std,White,Зима
393,2021-01-17,0.6148283323189804,+-2Std,Black,Зима
394,2021-01-18,0.5327166787477565,+-1Std,White,Зима
395,2021-01-19,0.5081842675781654,+-1Std,White,Зима
396,2021-01-20,0.6446864404903956,+-2Std,Black,Зима
397,2021-01-21,0.6063559549279549,+-2Std,Black,Зима
398,2021-01-22,0.5519069846347879,+-1Std,White,Зима
399,2021-01-23,0.5893029709757652,+-1Std,White,Зима
400,2021-01-24,0.5321474352797998,+-1Std,White,Зима
401,2021-01-25,0.5551290850649717,+-1Std,White,Зима
402,2021-01-26,0.6297523584738288,+-2Std,Black,Зима
403,2021-01-27,0.5587993842383928,+-1Std,White,Зима
404,2021-01-28,0.5768074027643234,+-1Std,White,Зима
405,2021-01-29,0.5783903439785792,+-1Std,White,Зима
406,2021-01-30,0.5068289200457092,+-1Std,White,Зима
407,2021-01-31,0.5477781256034681,+-1Std,White,Зима
408,2021-02-01,0.5539722480100703,+-1Std,White,Зима
409,2021-02-02,0.5296272540511616,+-1Std,White,Зима
410,2021-02-03,0.5849864053472301,+-1Std,White,Зима
411,2021-02-04,0.5429605409475147,+-1Std,White,Зима
412,2021-02-05,0.628231361050577,+-2Std,Black,Зима
413,2021-02-06,0.5745387489267102,+-1Std,White,Зима
414,2021-02-07,0.49714413764850346,+-2Std,Black,Зима
415,2021-02-08,0.5685509118380149,+-1Std,White,Зима
416,2021-02-09,0.5330381382506495,+-1Std,White,Зима
417,2021-02-10,0.5146171338117391,+-1Std,White,Зима
418,2021-02-11,0.5402384109898668,+-1Std,White,Зима
419,2021-02-12,0.5319434886074872,+-1Std,White,Зима
420,2021-02-13,0.5670090725622128,+-1Std,White,Зима
421,2021-02-14,0.584626753874101,+-1Std,White,Зима
422,2021-02-15,0.6016058382112272,+-1Std,White,Зима
423,2021-02-16,0.4828843794483472,+-2Std,Black,Зима
424,2021-02-17,0.5766991748399071,+-1Std,White,Зима
425,2021-02-18,0.5719625170055292,+-1Std,White,Зима
426,2021-02-19,0.525354486958538,+-1Std,White,Зима
427,2021-02-20,0.5525228562141314,+-1Std,White,Зима
428,2021-02-21,0.44702193355190206,+-3Std,Black,Зима
429,2021-02-22,0.5083464933395295,+-1Std,White,Зима
430,2021-02-23,0.5158539619175624,+-1Std,White,Зима
431,2021-02-24,0.5233601846251368,+-1Std,White,Зима
432,2021-02-25,0.5611352993684038,+-1Std,White,Зима
433,2021-02-26,0.5351279775190655,+-1Std,White,Зима
434,2021-02-27,0.6210612352310741,+-2Std,Black,Зима
435,2021-02-28,0.5381351924719272,+-1Std,White,Зима
436,2021-03-01,0.5542053133757633,+-1Std,White,Весна
437,2021-03-02,0.6038278067177574,+-1Std,White,Весна
438,2021-03-03,0.5431883687529712,+-1Std,White,Весна
439,2021-03-04,0.551304008439636,+-1Std,White,Весна
440,2021-03-05,0.5312242319809841,+-1Std,White,Весна
441,2021-03-06,0.5531591938950986,+-1Std,White,Весна
442,2021-03-07,0.5578818967249451,+-1Std,White,Весна
443,2021-03-08,0.5455461917096849,+-1Std,White,Весна
444,2021-03-09,0.5624578793861224,+-1Std,White,Весна
445,2021-03-10,0.5779506929555301,+-1Std,White,Весна
446,2021-03-11,0.5157477072927478,+-1Std,White,Весна
447,2021-03-12,0.58598836453245,+-1Std,White,Весна
448,2021-03-13,0.5367481372675116,+-1Std,White,Весна
449,2021-03-14,0.5892735638781428,+-1Std,White,Весна
450,2021-03-15,0.5222337676368519,+-1Std,White,Весна
451,2021-03-16,0.547011772234166,+-1Std,White,Весна
452,2021-03-17,0.5901209230751935,+-1Std,White,Весна
453,2021-03-18,0.562808225705352,+-1Std,White,Весна
454,2021-03-19,0.5527329049076319,+-1Std,White,Весна
455,2021-03-20,0.5434974902082081,+-1Std,White,Весна
456,2021-03-21,0.5076434695651443,+-1Std,White,Весна
457,2021-03-22,0.6311753299482934,+-2Std,Black,Весна
458,2021-03-23,0.5987971857046678,+-1Std,White,Весна
459,2021-03-24,0.5942405140529683,+-1Std,White,Весна
460,2021-03-25,0.5764387167879566,+-1Std,White,Весна
461,2021-03-26,0.5251786544640257,+-1Std,White,Весна
462,2021-03-27,0.5150187959984353,+-1Std,White,Весна
463,2021-03-28,0.5857627776706724,+-1Std,White,Весна
464,2021-03-29,0.5333196489398114,+-1Std,White,Весна
465,2021-03-30,0.4836332660013434,+-2Std,Black,Весна
466,2021-03-31,0.5313736242288021,+-1Std,White,Весна
467,2021-04-01,0.5429395807875486,+-1Std,White,Весна
468,2021-04-02,0.5774750720460152,+-1Std,White,Весна
469,2021-04-03,0.6962050789556464,+-3Std,Black,Весна
470,2021-04-04,0.5993935590540134,+-1Std,White,Весна
471,2021-04-05,0.5249123159616031,+-1Std,White,Весна
472,2021-04-06,0.5291401505791239,+-1Std,White,Весна
473,2021-04-07,0.4911092368858462,+-2Std,Black,Весна
474,2021-04-08,0.5685964603211785,+-1Std,White,Весна
475,2021-04-09,0.5195884766163736,+-1Std,White,Весна
476,2021-04-10,0.4913095078545834,+-2Std,Black,Весна
477,2021-04-11,0.6386074389795878,+-2Std,Black,Весна
478,2021-04-12,0.5471942015030152,+-1Std,White,Весна
479,2021-04-13,0.5434129660883882,+-1Std,White,Весна
480,2021-04-14,0.5212895075858777,+-1Std,White,Весна
481,2021-04-15,0.5469532843320796,+-1Std,White,Весна
482,2021-04-16,0.6211515733908766,+-2Std,Black,Весна
483,2021-04-17,0.5488662146777615,+-1Std,White,Весна
484,2021-04-18,0.5408445950452713,+-1Std,White,Весна
485,2021-04-19,0.562457446062649,+-1Std,White,Весна
486,2021-04-20,0.5454918373028612,+-1Std,White,Весна
487,2021-04-21,0.5954038491628747,+-1Std,White,Весна
488,2021-04-22,0.5498930889483433,+-1Std,White,Весна
489,2021-04-23,0.5270596271722212,+-1Std,White,Весна
490,2021-04-24,0.5323682064813994,+-1Std,White,Весна
491,2021-04-25,0.6145700790075891,+-2Std,Black,Весна
492,2021-04-26,0.6011348057125325,+-1Std,White,Весна
493,2021-04-27,0.5442664910523349,+-1Std,White,Весна
494,2021-04-28,0.5529551988182557,+-1Std,White,Весна
495,2021-04-29,0.5643813525467835,+-1Std,White,Весна
496,2021-04-30,0.5317602099144934,+-1Std,White,Весна
497,2021-05-01,0.5899627198287746,+-1Std,White,Весна
498,2021-05-02,0.540632131278683,+-1Std,White,Весна
499,2021-05-03,0.5207296217464128,+-1Std,White,Весна
500,2021-05-04,0.5310305279504169,+-1Std,White,Весна
501,2021-05-05,0.5221195086495231,+-1Std,White,Весна
502,2021-05-06,0.5174563668413673,+-1Std,White,Весна
503,2021-05-07,0.569119837651598,+-1Std,White,Весна
504,2021-05-08,0.5986564566720831,+-1Std,White,Весна
505,2021-05-09,0.3811732186348421,> +-3Std,Black,Весна
506,2021-05-10,0.5472510129207595,+-1Std,White,Весна
507,2021-05-11,0.5754634856685545,+-1Std,White,Весна
508,2021-05-12,0.576126052404705,+-1Std,White,Весна
509,2021-05-13,0.5722636898066361,+-1Std,White,Весна
510,2021-05-14,0.567409341337488,+-1Std,White,Весна
511,2021-05-15,0.5632856726320987,+-1Std,White,Весна
512,2021-05-16,0.5983752693514732,+-1Std,White,Весна
513,2021-05-17,0.4732531699631199,+-2Std,Black,Весна
514,2021-05-18,0.5326042141298135,+-1Std,White,Весна
515,2021-05-19,0.6289998876114434,+-2Std,Black,Весна
516,2021-05-20,0.5964657030367335,+-1Std,White,Весна
517,2021-05-21,0.5576019090233875,+-1Std,White,Весна
518,2021-05-22,0.5695480335636585,+-1Std,White,Весна
519,2021-05-23,0.45970729699622437,+-2Std,Black,Весна
520,2021-05-24,0.5059647359997312,+-1Std,White,Весна
521,2021-05-25,0.6067015208528328,+-2Std,Black,Весна
522,2021-05-26,0.5372910012168536,+-1Std,White,Весна
523,2021-05-27,0.4427101193952635,+-3Std,Black,Весна
524,2021-05-28,0.5157970359638318,+-1Std,White,Весна
525,2021-05-29,0.5241057082144641,+-1Std,White,Весна
526,2021-05-30,0.5321219442059842,+-1Std,White,Весна
527,2021-05-31,0.5664041110825607,+-1Std,White,Весна
528,2021-06-01,0.5851688248183011,+-1Std,White,Лето
529,2021-06-02,0.4940697066764691,+-2Std,Black,Лето
530,2021-06-03,0.5121764985221917,+-1Std,White,Лето
531,2021-06-04,0.6139068506674829,+-2Std,Black,Лето
532,2021-06-05,0.5733047965008796,+-1Std,White,Лето
533,2021-06-06,0.5766248951665618,+-1Std,White,Лето
534,2021-06-07,0.49094057914029904,+-2Std,Black,Лето
535,2021-06-08,0.4807607497581789,+-2Std,Black,Лето
536,2021-06-09,0.5328435620009393,+-1Std,White,Лето
537,2021-06-10,0.6037570599260796,+-1Std,White,Лето
538,2021-06-11,0.5823021588300045,+-1Std,White,Лето
539,2021-06-12,0.43877274961051554,+-3Std,Black,Лето
540,2021-06-13,0.5532143528729112,+-1Std,White,Лето
541,2021-06-14,0.5451218906287063,+-1Std,White,Лето
542,2021-06-15,0.5830757630683382,+-1Std,White,Лето
543,2021-06-16,0.57567796699312,+-1Std,White,Лето
544,2021-06-17,0.6007254563896904,+-1Std,White,Лето
545,2021-06-18,0.586230774696627,+-1Std,White,Лето
546,2021-06-19,0.6299315848041016,+-2Std,Black,Лето
547,2021-06-20,0.6016121483620355,+-1Std,White,Лето
548,2021-06-21,0.6093548154590397,+-2Std,Black,Лето
549,2021-06-22,0.5341692295662374,+-1Std,White,Лето
550,2021-06-23,0.6019583539531327,+-1Std,White,Лето
551,2021-06-24,0.5769159546365603,+-1Std,White,Лето
552,2021-06-25,0.6006053027090303,+-1Std,White,Лето
553,2021-06-26,0.585454358790898,+-1Std,White,Лето
554,2021-06-27,0.6303246836508334,+-2Std,Black,Лето
555,2021-06-28,0.5887292732569299,+-1Std,White,Лето
556,2021-06-29,0.6036867014272481,+-1Std,White,Лето
557,2021-06-30,0.5716937924867848,+-1Std,White,Лето
558,2021-07-01,0.6038240246233978,+-1Std,White,Лето
559,2021-07-02,0.56711281248176,+-1Std,White,Лето
560,2021-07-03,0.5338243829562044,+-1Std,White,Лето
561,2021-07-04,0.5162208199506586,+-1Std,White,Лето
562,2021-07-05,0.5101957037530692,+-1Std,White,Лето
563,2021-07-06,0.479830387011624,+-2Std,Black,Лето
564,2021-07-07,0.5590253028729424,+-1Std,White,Лето
565,2021-07-08,0.6039697291013081,+-2Std,Black,Лето
566,2021-07-09,0.5565482726629712,+-1Std,White,Лето
567,2021-07-10,0.5946154902253151,+-1Std,White,Лето
568,2021-07-11,0.5298322586743065,+-1Std,White,Лето
569,2021-07-12,0.5261736864723391,+-1Std,White,Лето
570,2021-07-13,0.5795685341295774,+-1Std,White,Лето
571,2021-07-14,0.5860364155315154,+-1Std,White,Лето
572,2021-07-15,0.5775267621832791,+-1Std,White,Лето
573,2021-07-16,0.5751016023575386,+-1Std,White,Лето
574,2021-07-17,0.5584796589198946,+-1Std,White,Лето
575,2021-07-18,0.595901410618539,+-1Std,White,Лето
576,2021-07-19,0.6110823182714548,+-2Std,Black,Лето
577,2021-07-20,0.5172191549231544,+-1Std,White,Лето
578,2021-07-21,0.5959435447280628,+-1Std,White,Лето
579,2021-07-22,0.5422773467763772,+-1Std,White,Лето
580,2021-07-23,0.5455110688645017,+-1Std,White,Лето
581,2021-07-24,0.6361645659620342,+-2Std,Black,Лето
582,2021-07-25,0.6256799837246177,+-2Std,Black,Лето
583,2021-07-26,0.5653649948163342,+-1Std,White,Лето
584,2021-07-27,0.5886901469571905,+-1Std,White,Лето
585,2021-07-28,0.6609527535774621,+-3Std,Black,Лето
586,2021-07-29,0.5184075205932627,+-1Std,White,Лето
587,2021-07-30,0.5876605400579984,+-1Std,White,Лето
588,2021-07-31,0.48657936293524756,+-2Std,Black,Лето
589,2021-08-01,0.5612308631738081,+-1Std,White,Лето
590,2021-08-02,0.5157665238224743,+-1Std,White,Лето
591,2021-08-03,0.538832551814646,+-1Std,White,Лето
592,2021-08-04,0.5210726445880016,+-1Std,White,Лето
593,2021-08-05,0.5455833921812653,+-1Std,White,Лето
594,2021-08-06,0.5225538512380229,+-1Std,White,Лето
595,2021-08-07,0.5825862160435087,+-1Std,White,Лето
596,2021-08-08,0.5579097913803638,+-1Std,White,Лето
597,2021-08-09,0.5757448146139476,+-1Std,White,Лето
598,2021-08-10,0.5480269024281058,+-1Std,White,Лето
599,2021-08-11,0.5756103804259424,+-1Std,White,Лето
600,2021-08-12,0.5286187502425431,+-1Std,White,Лето
601,2021-08-13,0.5232239002201208,+-1Std,White,Лето
602,2021-08-14,0.49500942513516566,+-2Std,Black,Лето
603,2021-08-15,0.5252692894143969,+-1Std,White,Лето
604,2021-08-16,0.5599032093639364,+-1Std,White,Лето
605,2021-08-17,0.5814895232454869,+-1Std,White,Лето
606,2021-08-18,0.5889879490233898,+-1Std,White,Лето
607,2021-08-19,0.5085343977813019,+-1Std,White,Лето
608,2021-08-20,0.5653130981364272,+-1Std,White,Лето
609,2021-08-21,0.5813242074558761,+-1Std,White,Лето
610,2021-08-22,0.6020097190262628,+-1Std,White,Лето
611,2021-08-23,0.5457718405861564,+-1Std,White,Лето
612,2021-08-24,0.5434452920544526,+-1Std,White,Лето
613,2021-08-25,0.5764130384682771,+-1Std,White,Лето
614,2021-08-26,0.5699604439048506,+-1Std,White,Лето
615,2021-08-27,0.5448666313099504,+-1Std,White,Лето
616,2021-08-28,0.5701709275893638,+-1Std,White,Лето
617,2021-08-29,0.6120676494997463,+-2Std,Black,Лето
618,2021-08-30,0.513718271048402,+-1Std,White,Лето
619,2021-08-31,0.541295270293432,+-1Std,White,Лето
620,2021-09-01,0.518155528062155,+-1Std,White,Осень
621,2021-09-02,0.5911813154889383,+-1Std,White,Осень
622,2021-09-03,0.5464621052677733,+-1Std,White,Осень
623,2021-09-04,0.4712026787450983,+-2Std,Black,Осень
624,2021-09-05,0.39125193852844786,> +-3Std,Black,Осень
625,2021-09-06,0.4993813313702711,+-2Std,Black,Осень
626,2021-09-07,0.5828504323166369,+-1Std,White,Осень
627,2021-09-08,0.5901595201815186,+-1Std,White,Осень
628,2021-09-09,0.5738943168119416,+-1Std,White,Осень
629,2021-09-10,0.5448044179512419,+-1Std,White,Осень
630,2021-09-11,0.553194472796778,+-1Std,White,Осень
631,2021-09-12,0.609452923210039,+-2Std,Black,Осень
632,2021-09-13,0.5285507412016731,+-1Std,White,Осень
633,2021-09-14,0.5784322676165913,+-1Std,White,Осень
634,2021-09-15,0.5197253411277537,+-1Std,White,Осень
635,2021-09-16,0.5352604197999291,+-1Std,White,Осень
636,2021-09-17,0.5993851370437502,+-1Std,White,Осень
637,2021-09-18,0.5593689803197842,+-1Std,White,Осень
638,2021-09-19,0.6439039438912764,+-2Std,Black,Осень
639,2021-09-20,0.5603862217328615,+-1Std,White,Осень
640,2021-09-21,0.5211926613265179,+-1Std,White,Осень
641,2021-09-22,0.5193223712594207,+-1Std,White,Осень
642,2021-09-23,0.5605140391332136,+-1Std,White,Осень
643,2021-09-24,0.5533111732131638,+-1Std,White,Осень
644,2021-09-25,0.5663210884644078,+-1Std,White,Осень
645,2021-09-26,0.49618211065564005,+-2Std,Black,Осень
646,2021-09-27,0.6597446077339971,+-3Std,Black,Осень
647,2021-09-28,0.5279836103717596,+-1Std,White,Осень
648,2021-09-29,0.5968549875204897,+-1Std,White,Осень
649,2021-09-30,0.6514251919387718,+-2Std,Black,Осень
650,2021-10-01,0.6041058842627974,+-2Std,Black,Осень
651,2021-10-02,0.5624045837060544,+-1Std,White,Осень
652,2021-10-03,0.606094271310317,+-2Std,Black,Осень
653,2021-10-04,0.5669873021913838,+-1Std,White,Осень
654,2021-10-05,0.5303461615627391,+-1Std,White,Осень
655,2021-10-06,0.6120416186462442,+-2Std,Black,Осень
656,2021-10-07,0.5695433352002011,+-1Std,White,Осень
657,2021-10-08,0.6409722289238717,+-2Std,Black,Осень
658,2021-10-09,0.5880175163023471,+-1Std,White,Осень
659,2021-10-10,0.6353744916077217,+-2Std,Black,Осень
660,2021-10-11,0.6497115413843876,+-2Std,Black,Осень
661,2021-10-12,0.6084113480374894,+-2Std,Black,Осень
662,2021-10-13,0.5797564552294608,+-1Std,White,Осень
663,2021-10-14,0.625082256561904,+-2Std,Black,Осень
664,2021-10-15,0.6026211709280224,+-1Std,White,Осень
665,2021-10-16,0.6341708243763158,+-2Std,Black,Осень
666,2021-10-17,0.5539039318609544,+-1Std,White,Осень
667,2021-10-18,0.6021153815193041,+-1Std,White,Осень
668,2021-10-19,0.6398766198230091,+-2Std,Black,Осень
669,2021-10-20,0.6097339038167543,+-2Std,Black,Осень
670,2021-10-21,0.563255939848151,+-1Std,White,Осень
671,2021-10-22,0.5512074374142556,+-1Std,White,Осень
672,2021-10-23,0.5889125582929615,+-1Std,White,Осень
673,2021-10-24,0.48394877117274593,+-2Std,Black,Осень
674,2021-10-25,0.5502583986060199,+-1Std,White,Осень
675,2021-10-26,0.6419214341139942,+-2Std,Black,Осень
676,2021-10-27,0.6262888252858588,+-2Std,Black,Осень
677,2021-10-28,0.6767443505651498,+-3Std,Black,Осень
678,2021-10-29,0.5895865204809749,+-1Std,White,Осень
679,2021-10-30,0.5719854373680396,+-1Std,White,Осень
680,2021-10-31,0.6060492804422742,+-2Std,Black,Осень
681,2021-11-01,0.617643846863713,+-2Std,Black,Осень
682,2021-11-02,0.564176987624746,+-1Std,White,Осень
683,2021-11-03,0.620895195248158,+-2Std,Black,Осень
684,2021-11-04,0.5834779207392473,+-1Std,White,Осень
685,2021-11-05,0.5962795290919938,+-1Std,White,Осень
686,2021-11-06,0.6048770435490243,+-2Std,Black,Осень
687,2021-11-07,0.5251833715772852,+-1Std,White,Осень
688,2021-11-08,0.5778441130308162,+-1Std,White,Осень
689,2021-11-09,0.5522440535914224,+-1Std,White,Осень
690,2021-11-10,0.5683699760147517,+-1Std,White,Осень
691,2021-11-11,0.5163419323460495,+-1Std,White,Осень
692,2021-11-12,0.5747154158163773,+-1Std,White,Осень
693,2021-11-13,0.4874339129966139,+-2Std,Black,Осень
694,2021-11-14,0.504058449825358,+-2Std,Black,Осень
695,2021-11-15,0.61060869339956,+-2Std,Black,Осень
696,2021-11-16,0.5329046847469437,+-1Std,White,Осень
697,2021-11-17,0.5176372879902211,+-1Std,White,Осень
698,2021-11-18,0.6499789517069006,+-2Std,Black,Осень
699,2021-11-19,0.5349725904752298,+-1Std,White,Осень
700,2021-11-20,0.5218219201393783,+-1Std,White,Осень
701,2021-11-21,0.6110357762818748,+-2Std,Black,Осень
702,2021-11-22,0.49950226937244396,+-2Std,Black,Осень
703,2021-11-23,0.5414951198581384,+-1Std,White,Осень
704,2021-11-24,0.5288688040877788,+-1Std,White,Осень
705,2021-11-25,0.5692858823433183,+-1Std,White,Осень
706,2021-11-26,0.5405920810323457,+-1Std,White,Осень
707,2021-11-27,0.557412596404654,+-1Std,White,Осень
708,2021-11-28,0.5112206531200654,+-1Std,White,Осень
709,2021-11-29,0.588856357624558,+-1Std,White,Осень
710,2021-11-30,0.5750520564483539,+-1Std,White,Осень
711,2021-12-01,0.5173944433867439,+-1Std,White,Зима
712,2021-12-02,0.49763583917285764,+-2Std,Black,Зима
713,2021-12-03,0.5917494694268529,+-1Std,White,Зима
714,2021-12-04,0.5455098759761139,+-1Std,White,Зима
715,2021-12-05,0.5544565109220281,+-1Std,White,Зима
716,2021-12-06,0.45542776812482666,+-2Std,Black,Зима
717,2021-12-07,0.5635381072613042,+-1Std,White,Зима
718,2021-12-08,0.4635735657426104,+-2Std,Black,Зима
719,2021-12-09,0.5576326762745136,+-1Std,White,Зима
720,2021-12-10,0.6237997705006101,+-2Std,Black,Зима
721,2021-12-11,0.5101466059104125,+-1Std,White,Зима
722,2021-12-12,0.5822516275054469,+-1Std,White,Зима
723,2021-12-13,0.5735484450545137,+-1Std,White,Зима
724,2021-12-14,0.5343558721614258,+-1Std,White,Зима
725,2021-12-15,0.5811833015165335,+-1Std,White,Зима
726,2021-12-16,0.5558934269708989,+-1Std,White,Зима
727,2021-12-17,0.5750876295074956,+-1Std,White,Зима
728,2021-12-18,0.591434822487454,+-1Std,White,Зима
729,2021-12-19,0.5804689366671044,+-1Std,White,Зима
730,2021-12-20,0.5073345620569103,+-1Std,White,Зима
731,2021-12-21,0.5272420442787035,+-1Std,White,Зима
732,2021-12-22,0.5759650842984175,+-1Std,White,Зима
733,2021-12-23,0.5170704951730515,+-1Std,White,Зима
734,2021-12-24,0.44593330563353184,+-3Std,Black,Зима
735,2021-12-25,0.4764908484182112,+-2Std,Black,Зима
736,2021-12-26,0.46453816785920105,+-2Std,Black,Зима
737,2021-12-27,0.5494427235856464,+-1Std,White,Зима
738,2021-12-28,0.5226600047514075,+-1Std,White,Зима
739,2021-12-29,0.5627513147025939,+-1Std,White,Зима
740,2021-12-30,0.4953000097436359,+-2Std,Black,Зима
741,2021-12-31,0.5004500508598869,+-2Std,Black,Зима
742,2022-01-01,0.5851447725460437,+-1Std,White,Зима
743,2022-01-02,0.5000257095712749,+-2Std,Black,Зима
744,2022-01-03,0.6152391745667362,+-2Std,Black,Зима
745,2022-01-04,0.5447408592667666,+-1Std,White,Зима
746,2022-01-05,0.5207294736226429,+-1Std,White,Зима
747,2022-01-06,0.4445062171214056,+-3Std,Black,Зима
748,2022-01-07,0.519224193858424,+-1Std,White,Зима
749,2022-01-08,0.5125377718568256,+-1Std,White,Зима
750,2022-01-09,0.5143122162808427,+-1Std,White,Зима
751,2022-01-10,0.5183121627306562,+-1Std,White,Зима
752,2022-01-11,0.5850124738693637,+-1Std,White,Зима
753,2022-01-12,0.5446386466204347,+-1Std,White,Зима
754,2022-01-13,0.5815723036625483,+-1Std,White,Зима
755,2022-01-14,0.6144420073239517,+-2Std,Black,Зима
756,2022-01-15,0.6127562975486579,+-2Std,Black,Зима
757,2022-01-16,0.5702326058266053,+-1Std,White,Зима
758,2022-01-17,0.4857814302452481,+-2Std,Black,Зима
759,2022-01-18,0.5510564695882033,+-1Std,White,Зима
760,2022-01-19,0.527127231801747,+-1Std,White,Зима
761,2022-01-20,0.6128943588074262,+-2Std,Black,Зима
762,2022-01-21,0.4665779761712564,+-2Std,Black,Зима
763,2022-01-22,0.5386652860141797,+-1Std,White,Зима
764,2022-01-23,0.5752533249371105,+-1Std,White,Зима
765,2022-01-24,0.5158344527849171,+-1Std,White,Зима
766,2022-01-25,0.5246377943486863,+-1Std,White,Зима
767,2022-01-26,0.4879984799780359,+-2Std,Black,Зима
768,2022-01-27,0.5115269299596455,+-1Std,White,Зима
769,2022-01-28,0.6224246038331506,+-2Std,Black,Зима
770,2022-01-29,0.6190259197672191,+-2Std,Black,Зима
771,2022-01-30,0.5693370264253768,+-1Std,White,Зима
772,2022-01-31,0.5380246818112818,+-1Std,White,Зима
773,2022-02-01,0.5894546245943904,+-1Std,White,Зима
774,2022-02-02,0.6369265310602613,+-2Std,Black,Зима
775,2022-02-03,0.6148398897495523,+-2Std,Black,Зима
776,2022-02-04,0.5703698028168271,+-1Std,White,Зима
777,2022-02-05,0.5803921076181812,+-1Std,White,Зима
778,2022-02-06,0.6026103550659405,+-1Std,White,Зима
779,2022-02-07,0.6413624539252462,+-2Std,Black,Зима
780,2022-02-08,0.5553825579717283,+-1Std,White,Зима
781,2022-02-09,0.6342332186065209,+-2Std,Black,Зима
782,2022-02-10,0.6146514638039406,+-2Std,Black,Зима
783,2022-02-11,0.6069971404772464,+-2Std,Black,Зима
784,2022-02-12,0.5719203231889365,+-1Std,White,Зима
785,2022-02-13,0.6242402048719018,+-2Std,Black,Зима
786,2022-02-14,0.587203501206453,+-1Std,White,Зима
787,2022-02-15,0.5486822635722849,+-1Std,White,Зима
788,2022-02-16,0.5624163980507855,+-1Std,White,Зима
789,2022-02-17,0.5132772181522182,+-1Std,White,Зима
790,2022-02-18,0.5835769691654719,+-1Std,White,Зима
791,2022-02-19,0.6046263412631699,+-2Std,Black,Зима
792,2022-02-20,0.5504372431120489,+-1Std,White,Зима
793,2022-02-21,0.5821714311548071,+-1Std,White,Зима
794,2022-02-22,0.5810212391885843,+-1Std,White,Зима
795,2022-02-23,0.5427071989652216,+-1Std,White,Зима
796,2022-02-24,0.5603749369911643,+-1Std,White,Зима
797,2022-02-25,0.5740656639949082,+-1Std,White,Зима
798,2022-02-26,0.5314368215234812,+-1Std,White,Зима
799,2022-02-27,0.5463358777603831,+-1Std,White,Зима
800,2022-02-28,0.4956093720694494,+-2Std,Black,Зима
801,2022-03-01,0.5257032595757241,+-1Std,White,Весна
802,2022-03-02,0.5091166368659038,+-1Std,White,Весна
803,2022-03-03,0.6203802887503418,+-2Std,Black,Весна
804,2022-03-04,0.6004757707666295,+-1Std,White,Весна
805,2022-03-05,0.5726123264341704,+-1Std,White,Весна
806,2022-03-06,0.5494771358300085,+-1Std,White,Весна
807,2022-03-07,0.5293852040088692,+-1Std,White,Весна
808,2022-03-08,0.5520183451443945,+-1Std,White,Весна
809,2022-03-09,0.4954332352923039,+-2Std,Black,Весна
810,2022-03-10,0.5664705204321908,+-1Std,White,Весна
811,2022-03-11,0.5548268858472434,+-1Std,White,Весна
812,2022-03-12,0.5133945082108681,+-1Std,White,Весна
813,2022-03-13,0.5351325193043459,+-1Std,White,Весна
814,2022-03-14,0.5287044460124661,+-1Std,White,Весна
815,2022-03-15,0.6017933902459981,+-1Std,White,Весна
816,2022-03-16,0.5674358944393045,+-1Std,White,Весна
817,2022-03-17,0.5008098056213285,+-2Std,Black,Весна
818,2022-03-18,0.5326284943590915,+-1Std,White,Весна
819,2022-03-19,0.4386433973591282,+-3Std,Black,Весна
820,2022-03-20,0.41688962458359113,+-3Std,Black,Весна
821,2022-03-21,0.5306266867755222,+-1Std,White,Весна
822,2022-03-22,0.5671568054648949,+-1Std,White,Весна
823,2022-03-23,0.5820100699239557,+-1Std,White,Весна
824,2022-03-24,0.5861314055534959,+-1Std,White,Весна
825,2022-03-25,0.4953095412139591,+-2Std,Black,Весна
826,2022-03-26,0.5602394533571005,+-1Std,White,Весна
827,2022-03-27,0.4239137766878994,+-3Std,Black,Весна
828,2022-03-28,0.5368431194838846,+-1Std,White,Весна
829,2022-03-29,0.478027986844642,+-2Std,Black,Весна
830,2022-03-30,0.626305756615621,+-2Std,Black,Весна
831,2022-03-31,0.5179921269441113,+-1Std,White,Весна
832,2022-04-01,0.5335968979775584,+-1Std,White,Весна
833,2022-04-02,0.5487255878293613,+-1Std,White,Весна
834,2022-04-03,0.5572096605042411,+-1Std,White,Весна
835,2022-04-04,0.5348153904846383,+-1Std,White,Весна
836,2022-04-05,0.6050703379623865,+-2Std,Black,Весна
837,2022-04-06,0.55751450634579,+-1Std,White,Весна
838,2022-04-07,0.5454805905209102,+-1Std,White,Весна
839,2022-04-08,0.5800471800511435,+-1Std,White,Весна
840,2022-04-09,0.6498309005602706,+-2Std,Black,Весна
841,2022-04-10,0.5731980849874673,+-1Std,White,Весна
842,2022-04-11,0.6516571901763896,+-2Std,Black,Весна
843,2022-04-12,0.6195314935174845,+-2Std,Black,Весна
844,2022-04-13,0.5772360414988017,+-1Std,White,Весна
845,2022-04-14,0.5336921425582721,+-1Std,White,Весна
846,2022-04-15,0.50882379303758,+-1Std,White,Весна
847,2022-04-16,0.4652022422022422,+-2Std,Black,Весна
848,2022-04-17,0.5167387392320548,+-1Std,White,Весна
849,2022-04-18,0.5123405982197847,+-1Std,White,Весна
850,2022-04-19,0.5570362695258693,+-1Std,White,Весна
851,2022-04-20,0.575276929554487,+-1Std,White,Весна
852,2022-04-21,0.5162734838130995,+-1Std,White,Весна
853,2022-04-22,0.5592083776575755,+-1Std,White,Весна
854,2022-04-23,0.6056435325256668,+-2Std,Black,Весна
855,2022-04-24,0.5149548266800114,+-1Std,White,Весна
856,2022-04-25,0.5584550093741271,+-1Std,White,Весна
857,2022-04-26,0.5731514771894538,+-1Std,White,Весна
858,2022-04-27,0.5926786187909067,+-1Std,White,Весна
859,2022-04-28,0.5814130838501492,+-1Std,White,Весна
860,2022-04-29,0.5408388512524203,+-1Std,White,Весна
861,2022-04-30,0.6005101004403655,+-1Std,White,Весна
862,2022-05-01,0.5637042903085917,+-1Std,White,Весна
863,2022-05-02,0.5248608221833542,+-1Std,White,Весна
864,2022-05-03,0.557433353234946,+-1Std,White,Весна
865,2022-05-04,0.5004140077918194,+-2Std,Black,Весна
866,2022-05-05,0.4878841124550506,+-2Std,Black,Весна
867,2022-05-06,0.5554780052734962,+-1Std,White,Весна
868,2022-05-07,0.522160918817754,+-1Std,White,Весна
869,2022-05-08,0.47560842246940904,+-2Std,Black,Весна
870,2022-05-09,0.2599776026750049,> +-3Std,Black,Весна
871,2022-05-10,0.539273527404768,+-1Std,White,Весна
872,2022-05-11,0.5629395381272169,+-1Std,White,Весна
873,2022-05-12,0.5946902886558459,+-1Std,White,Весна
874,2022-05-13,0.5476804423858614,+-1Std,White,Весна
875,2022-05-14,0.5349931260316239,+-1Std,White,Весна
876,2022-05-15,0.501274545887549,+-2Std,Black,Весна
877,2022-05-16,0.4581615277326011,+-2Std,Black,Весна
878,2022-05-17,0.48953220974664224,+-2Std,Black,Весна
879,2022-05-18,0.5023473230739575,+-2Std,Black,Весна
880,2022-05-19,0.47828624538640757,+-2Std,Black,Весна
881,2022-05-20,0.5090106640882183,+-1Std,White,Весна
882,2022-05-21,0.4588307679594625,+-2Std,Black,Весна
883,2022-05-22,0.5234033490762806,+-1Std,White,Весна
884,2022-05-23,0.5038337024526685,+-2Std,Black,Весна
885,2022-05-24,0.5959883461713091,+-1Std,White,Весна
886,2022-05-25,0.5923464539516817,+-1Std,White,Весна
887,2022-05-26,0.5310137742085684,+-1Std,White,Весна
888,2022-05-27,0.541109382204419,+-1Std,White,Весна
889,2022-05-28,0.5685888808765358,+-1Std,White,Весна
890,2022-05-29,0.5628728278876461,+-1Std,White,Весна
891,2022-05-30,0.5566907445230126,+-1Std,White,Весна
892,2022-05-31,0.5620584436854063,+-1Std,White,Весна
893,2022-06-01,0.5954081028533219,+-1Std,White,Лето
894,2022-06-02,0.5986557539527028,+-1Std,White,Лето
895,2022-06-03,0.5844778671079345,+-1Std,White,Лето
896,2022-06-04,0.5525375280913837,+-1Std,White,Лето
897,2022-06-05,0.5721304237467673,+-1Std,White,Лето
898,2022-06-06,0.5376865357741574,+-1Std,White,Лето
899,2022-06-07,0.5814147205044445,+-1Std,White,Лето
900,2022-06-08,0.5758199762319421,+-1Std,White,Лето
901,2022-06-09,0.5470322237322728,+-1Std,White,Лето
902,2022-06-10,0.6243128883845297,+-2Std,Black,Лето
903,2022-06-11,0.6030280672674084,+-1Std,White,Лето
904,2022-06-12,0.50189715946667,+-2Std,Black,Лето
905,2022-06-13,0.6873327130133671,+-3Std,Black,Лето
906,2022-06-14,0.5434195184195184,+-1Std,White,Лето
907,2022-06-15,0.549714688648567,+-1Std,White,Лето
908,2022-06-16,0.5090150257289178,+-1Std,White,Лето
909,2022-06-17,0.6153452977906531,+-2Std,Black,Лето
910,2022-06-18,0.5432357939877364,+-1Std,White,Лето
911,2022-06-19,0.49298572328092144,+-2Std,Black,Лето
912,2022-06-20,0.5147576343221119,+-1Std,White,Лето
913,2022-06-21,0.5885859252776635,+-1Std,White,Лето
914,2022-06-22,0.5987380300545058,+-1Std,White,Лето
915,2022-06-23,0.5322102095001712,+-1Std,White,Лето
916,2022-06-24,0.5534014578036899,+-1Std,White,Лето
917,2022-06-25,0.49602479862567583,+-2Std,Black,Лето
918,2022-06-26,0.5762933497694793,+-1Std,White,Лето
919,2022-06-27,0.532647705875933,+-1Std,White,Лето
920,2022-06-28,0.5881691223157419,+-1Std,White,Лето
921,2022-06-29,0.5366490374842092,+-1Std,White,Лето
922,2022-06-30,0.5687856523119106,+-1Std,White,Лето
923,2022-07-01,0.5869097642928479,+-1Std,White,Лето
924,2022-07-02,0.5363358146130928,+-1Std,White,Лето
925,2022-07-03,0.5716097857452869,+-1Std,White,Лето
926,2022-07-04,0.5268279777385984,+-1Std,White,Лето
927,2022-07-05,0.6215629977774226,+-2Std,Black,Лето
928,2022-07-06,0.58072050508408,+-1Std,White,Лето
929,2022-07-07,0.57029581394963,+-1Std,White,Лето
930,2022-07-08,0.5368429325184619,+-1Std,White,Лето
931,2022-07-09,0.506611039004501,+-1Std,White,Лето
932,2022-07-10,0.47271674692980054,+-2Std,Black,Лето
933,2022-07-11,0.5765379306073214,+-1Std,White,Лето
934,2022-07-12,0.5440932319005012,+-1Std,White,Лето
935,2022-07-13,0.5103966425641839,+-1Std,White,Лето
936,2022-07-14,0.5739332262656682,+-1Std,White,Лето
937,2022-07-15,0.6205225016122099,+-2Std,Black,Лето
938,2022-07-16,0.614372414734952,+-2Std,Black,Лето
939,2022-07-17,0.6018546069212111,+-1Std,White,Лето
940,2022-07-18,0.5474656596367737,+-1Std,White,Лето
941,2022-07-19,0.6220860322141218,+-2Std,Black,Лето
942,2022-07-20,0.6002947500528146,+-1Std,White,Лето
943,2022-07-21,0.544657939995093,+-1Std,White,Лето
944,2022-07-22,0.5809058341433415,+-1Std,White,Лето
945,2022-07-23,0.5891955303452631,+-1Std,White,Лето
946,2022-07-24,0.5573051544258975,+-1Std,White,Лето
947,2022-07-25,0.5393499867308575,+-1Std,White,Лето
948,2022-07-26,0.5439366585795157,+-1Std,White,Лето
949,2022-07-27,0.5664138453935451,+-1Std,White,Лето
950,2022-07-28,0.5865214955909347,+-1Std,White,Лето
951,2022-07-29,0.5077901793984048,+-1Std,White,Лето
952,2022-07-30,0.5435915421228286,+-1Std,White,Лето
953,2022-07-31,0.569550861968788,+-1Std,White,Лето
954,2022-08-01,0.5630546718581478,+-1Std,White,Лето
955,2022-08-02,0.521640476480469,+-1Std,White,Лето
956,2022-08-03,0.45739834992019973,+-2Std,Black,Лето
957,2022-08-04,0.5354803606369601,+-1Std,White,Лето
958,2022-08-05,0.6030388034832775,+-1Std,White,Лето
959,2022-08-06,0.5995769613169607,+-1Std,White,Лето
960,2022-08-07,0.5928393251165216,+-1Std,White,Лето
961,2022-08-08,0.40459423870004824,> +-3Std,Black,Лето
962,2022-08-09,0.5152391381503522,+-1Std,White,Лето
963,2022-08-10,0.5534823657296459,+-1Std,White,Лето
964,2022-08-11,0.4643546101547795,+-2Std,Black,Лето
965,2022-08-12,0.5727588391977685,+-1Std,White,Лето
966,2022-08-13,0.5143072455230473,+-1Std,White,Лето
967,2022-08-14,0.455668897075147,+-2Std,Black,Лето
968,2022-08-15,0.53917723759263,+-1Std,White,Лето
969,2022-08-16,0.5612026671239222,+-1Std,White,Лето
970,2022-08-17,0.49365091401633293,+-2Std,Black,Лето
971,2022-08-18,0.5490656906398895,+-1Std,White,Лето
972,2022-08-19,0.5517713807159436,+-1Std,White,Лето
973,2022-08-20,0.651175951983055,+-2Std,Black,Лето
974,2022-08-21,0.5888867692449161,+-1Std,White,Лето
975,2022-08-22,0.5424571635164742,+-1Std,White,Лето
976,2022-08-23,0.5218114523027818,+-1Std,White,Лето
977,2022-08-24,0.5188198204573485,+-1Std,White,Лето
978,2022-08-25,0.5128875143571043,+-1Std,White,Лето
979,2022-08-26,0.5118268923073772,+-1Std,White,Лето
980,2022-08-27,0.570360593969727,+-1Std,White,Лето
981,2022-08-28,0.5613889446421971,+-1Std,White,Лето
982,2022-08-29,0.5735976675116736,+-1Std,White,Лето
983,2022-08-30,0.5247981522597891,+-1Std,White,Лето
984,2022-08-31,0.546597185807393,+-1Std,White,Лето
985,2022-09-01,0.5391220016224623,+-1Std,White,Осень
986,2022-09-02,0.5504209722483459,+-1Std,White,Осень
987,2022-09-03,0.5519537874571957,+-1Std,White,Осень
988,2022-09-04,0.4996836671527073,+-2Std,Black,Осень
989,2022-09-05,0.4998034539454932,+-2Std,Black,Осень
990,2022-09-06,0.5936770488169552,+-1Std,White,Осень
991,2022-09-07,0.5790298510685506,+-1Std,White,Осень
992,2022-09-08,0.5552654237800436,+-1Std,White,Осень
993,2022-09-09,0.539832822792692,+-1Std,White,Осень
994,2022-09-10,0.630313235584195,+-2Std,Black,Осень
995,2022-09-11,0.5274200308548135,+-1Std,White,Осень
996,2022-09-12,0.5092699304199372,+-1Std,White,Осень
997,2022-09-13,0.39858751910352247,> +-3Std,Black,Осень
998,2022-09-14,0.49449541847246753,+-2Std,Black,Осень
999,2022-09-15,0.48791403966321306,+-2Std,Black,Осень
1000,2022-09-16,0.5308632692799103,+-1Std,White,Осень
1001,2022-09-17,0.5064558003633045,+-1Std,White,Осень
1002,2022-09-18,0.4095816542871856,+-3Std,Black,Осень
1003,2022-09-19,0.43618399619254644,+-3Std,Black,Осень
1004,2022-09-20,0.5473125174795216,+-1Std,White,Осень
1005,2022-09-21,0.5141586253406485,+-1Std,White,Осень
1006,2022-09-22,0.5934883559077337,+-1Std,White,Осень
1007,2022-09-23,0.5960782384876103,+-1Std,White,Осень
1008,2022-09-24,0.551676636933554,+-1Std,White,Осень
1009,2022-09-25,0.5311866154670117,+-1Std,White,Осень
1010,2022-09-26,0.5287001621005272,+-1Std,White,Осень
1011,2022-09-27,0.5978115016912151,+-1Std,White,Осень
1012,2022-09-28,0.5665844908400971,+-1Std,White,Осень
1013,2022-09-29,0.5778015531347461,+-1Std,White,Осень
1014,2022-09-30,0.5403394098896406,+-1Std,White,Осень
1015,2022-10-01,0.5627323814818783,+-1Std,White,Осень
1016,2022-10-02,0.5122982572127813,+-1Std,White,Осень
1017,2022-10-03,0.5309246345990809,+-1Std,White,Осень
1018,2022-10-04,0.4617631606685123,+-2Std,Black,Осень
1019,2022-10-05,0.49683142605101566,+-2Std,Black,Осень
1020,2022-10-06,0.5997429947747808,+-1Std,White,Осень
1021,2022-10-07,0.4958749458175396,+-2Std,Black,Осень
1022,2022-10-08,0.624893882941093,+-2Std,Black,Осень
1023,2022-10-09,0.45201524227659573,+-3Std,Black,Осень
1024,2022-10-10,0.468941970727685,+-2Std,Black,Осень
1025,2022-10-11,0.5037223208737907,+-2Std,Black,Осень
1026,2022-10-12,0.49961941943209953,+-2Std,Black,Осень
1027,2022-10-13,0.5778402654323338,+-1Std,White,Осень
1028,2022-10-14,0.5078838059398552,+-1Std,White,Осень
1029,2022-10-15,0.45372828996624004,+-3Std,Black,Осень
1030,2022-10-16,0.5485820678851557,+-1Std,White,Осень
1031,2022-10-17,0.5588255653974239,+-1Std,White,Осень
1032,2022-10-18,0.5860426243113532,+-1Std,White,Осень
1033,2022-10-19,0.5931879571903993,+-1Std,White,Осень
1034,2022-10-20,0.5297633637200945,+-1Std,White,Осень
1035,2022-10-21,0.46568182322727775,+-2Std,Black,Осень
1036,2022-10-22,0.5510391500047532,+-1Std,White,Осень
1037,2022-10-23,0.5426191896901765,+-1Std,White,Осень
1038,2022-10-24,0.589983354708587,+-1Std,White,Осень
1039,2022-10-25,0.6286385518261571,+-2Std,Black,Осень
1040,2022-10-26,0.6193397967701373,+-2Std,Black,Осень
1041,2022-10-27,0.507389652194847,+-1Std,White,Осень
1042,2022-10-28,0.6097014475736561,+-2Std,Black,Осень
1043,2022-10-29,0.5199916357060147,+-1Std,White,Осень
1044,2022-10-30,0.5711112159445492,+-1Std,White,Осень
1045,2022-10-31,0.5739756638335247,+-1Std,White,Осень
1046,2022-11-01,0.5068767258920137,+-1Std,White,Осень
1047,2022-11-02,0.47265362935134814,+-2Std,Black,Осень
1048,2022-11-03,0.5055091856636074,+-1Std,White,Осень
1049,2022-11-04,0.5746337369402744,+-1Std,White,Осень
1050,2022-11-05,0.5601909138077528,+-1Std,White,Осень
1051,2022-11-06,0.5298988290332557,+-1Std,White,Осень
1052,2022-11-07,0.6183394085585104,+-2Std,Black,Осень
1053,2022-11-08,0.5289854686668561,+-1Std,White,Осень
1054,2022-11-09,0.4833757638965972,+-2Std,Black,Осень
1055,2022-11-10,0.5408125621741746,+-1Std,White,Осень
1056,2022-11-11,0.4980499737530602,+-2Std,Black,Осень
1057,2022-11-12,0.5987337954443217,+-1Std,White,Осень
1058,2022-11-13,0.49450473594072203,+-2Std,Black,Осень
1059,2022-11-14,0.5215831302042154,+-1Std,White,Осень
1060,2022-11-15,0.5356435498657891,+-1Std,White,Осень
1061,2022-11-16,0.5750797648439797,+-1Std,White,Осень
1062,2022-11-17,0.507262070827876,+-1Std,White,Осень
1063,2022-11-18,0.5344301729512159,+-1Std,White,Осень
1064,2022-11-19,0.5381538237793345,+-1Std,White,Осень
1065,2022-11-20,0.5084102054619114,+-1Std,White,Осень
1066,2022-11-21,0.5251644389142832,+-1Std,White,Осень
1067,2022-11-22,0.5783271232238524,+-1Std,White,Осень
1068,2022-11-23,0.6266308245778777,+-2Std,Black,Осень
1069,2022-11-24,0.5001344994691652,+-2Std,Black,Осень
1070,2022-11-25,0.5485896690568329,+-1Std,White,Осень
1071,2022-11-26,0.5478773176141597,+-1Std,White,Осень
1072,2022-11-27,0.42281856308614907,+-3Std,Black,Осень
1073,2022-11-28,0.5169978841078252,+-1Std,White,Осень
1074,2022-11-29,0.5226149293994367,+-1Std,White,Осень
1075,2022-11-30,0.49473777915924005,+-2Std,Black,Осень
1076,2022-12-01,0.4905906882509253,+-2Std,Black,Зима
1077,2022-12-02,0.5469735213729376,+-1Std,White,Зима
1078,2022-12-03,0.573545856442379,+-1Std,White,Зима
1079,2022-12-04,0.4297235841852606,+-3Std,Black,Зима
1080,2022-12-05,0.5467827875324983,+-1Std,White,Зима
1081,2022-12-06,0.5509852056481493,+-1Std,White,Зима
1082,2022-12-07,0.5187405629291615,+-1Std,White,Зима
1083,2022-12-08,0.5807994772112419,+-1Std,White,Зима
1084,2022-12-09,0.566290632045018,+-1Std,White,Зима
1085,2022-12-10,0.5100368108657308,+-1Std,White,Зима
1086,2022-12-11,0.5508540410263154,+-1Std,White,Зима
1087,2022-12-12,0.5543992550933874,+-1Std,White,Зима
1088,2022-12-13,0.5223293464210158,+-1Std,White,Зима
1089,2022-12-14,0.44948861110494537,+-3Std,Black,Зима
1090,2022-12-15,0.4529916624769566,+-3Std,Black,Зима
1091,2022-12-16,0.4514996859664291,+-3Std,Black,Зима
1092,2022-12-17,0.49061062204583267,+-2Std,Black,Зима
1093,2022-12-18,0.5014349466560335,+-2Std,Black,Зима
1094,2022-12-19,0.5533058528999755,+-1Std,White,Зима
1095,2022-12-20,0.6039346098809141,+-2Std,Black,Зима
1096,2022-12-21,0.5147168066337064,+-1Std,White,Зима
1097,2022-12-22,0.5773265511497345,+-1Std,White,Зима
1098,2022-12-23,0.5832882814986767,+-1Std,White,Зима
1099,2022-12-24,0.5641939718251873,+-1Std,White,Зима
1100,2022-12-25,0.5613056771659714,+-1Std,White,Зима
1101,2022-12-26,0.5970624098832182,+-1Std,White,Зима
1102,2022-12-27,0.5219559953505353,+-1Std,White,Зима
1103,2022-12-28,0.618273145772298,+-2Std,Black,Зима
1104,2022-12-29,0.5152307173976617,+-1Std,White,Зима
1105,2022-12-30,0.5785257238119548,+-1Std,White,Зима
1106,2022-12-31,0.5377626763745845,+-1Std,White,Зима
1107,2023-01-01,0.40949720605409234,+-3Std,Black,Зима
1108,2023-01-02,0.5018061401308997,+-2Std,Black,Зима
1109,2023-01-03,0.46127335277270276,+-2Std,Black,Зима
1110,2023-01-04,0.5277349683375702,+-1Std,White,Зима
1111,2023-01-05,0.4894842550786178,+-2Std,Black,Зима
1112,2023-01-06,0.5492322924361703,+-1Std,White,Зима
1113,2023-01-07,0.45375495493074014,+-3Std,Black,Зима
1114,2023-01-08,0.5253047059473008,+-1Std,White,Зима
1115,2023-01-09,0.5013694698307217,+-2Std,Black,Зима
1116,2023-01-10,0.5541419122033739,+-1Std,White,Зима
1117,2023-01-11,0.5079613258874915,+-1Std,White,Зима
1118,2023-01-12,0.515075235728654,+-1Std,White,Зима
1119,2023-01-13,0.49703504557561146,+-2Std,Black,Зима
1120,2023-01-14,0.5235651748908213,+-1Std,White,Зима
1121,2023-01-15,0.47867648345544933,+-2Std,Black,Зима
1122,2023-01-16,0.4488291371625276,+-3Std,Black,Зима
1123,2023-01-17,0.5716045054678667,+-1Std,White,Зима
1124,2023-01-18,0.5554188461816063,+-1Std,White,Зима
1125,2023-01-19,0.5167180946096056,+-1Std,White,Зима
1126,2023-01-20,0.5501225922730947,+-1Std,White,Зима
1127,2023-01-21,0.5409691042348228,+-1Std,White,Зима
1128,2023-01-22,0.6457093308490508,+-2Std,Black,Зима
1129,2023-01-23,0.5765976122400271,+-1Std,White,Зима
1130,2023-01-24,0.5790413544476319,+-1Std,White,Зима
1131,2023-01-25,0.5634180498753012,+-1Std,White,Зима
1132,2023-01-26,0.619221440588012,+-2Std,Black,Зима
1133,2023-01-27,0.5140903556267652,+-1Std,White,Зима
1134,2023-01-28,0.6534941226592782,+-2Std,Black,Зима
1135,2023-01-29,0.5655290192344141,+-1Std,White,Зима
1136,2023-01-30,0.5398326597532641,+-1Std,White,Зима
1137,2023-01-31,0.581268381081131,+-1Std,White,Зима
1138,2023-02-01,0.5615671043749348,+-1Std,White,Зима
1139,2023-02-02,0.5186675730116013,+-1Std,White,Зима
1140,2023-02-03,0.5158377458619285,+-1Std,White,Зима
1141,2023-02-04,0.566519746828338,+-1Std,White,Зима
1142,2023-02-05,0.46481625621663214,+-2Std,Black,Зима
1143,2023-02-06,0.5081456338439658,+-1Std,White,Зима
1144,2023-02-07,0.5507627856415664,+-1Std,White,Зима
1145,2023-02-08,0.5381070004005913,+-1Std,White,Зима
1146,2023-02-09,0.6010066839632989,+-1Std,White,Зима
1147,2023-02-10,0.5367315648792905,+-1Std,White,Зима
1148,2023-02-11,0.5192973792216388,+-1Std,White,Зима
1149,2023-02-12,0.5724453844984656,+-1Std,White,Зима
1150,2023-02-13,0.5722109645815971,+-1Std,White,Зима
1151,2023-02-14,0.5108816124129275,+-1Std,White,Зима
1152,2023-02-15,0.5647155456833014,+-1Std,White,Зима
1153,2023-02-16,0.4790982756995367,+-2Std,Black,Зима
1154,2023-02-17,0.489582653384085,+-2Std,Black,Зима
1155,2023-02-18,0.5763201179365928,+-1Std,White,Зима
1156,2023-02-19,0.524002452812635,+-1Std,White,Зима
1157,2023-02-20,0.5787164454839141,+-1Std,White,Зима
1158,2023-02-21,0.4717956286730351,+-2Std,Black,Зима
1159,2023-02-22,0.558449224327647,+-1Std,White,Зима
1160,2023-02-23,0.5560684433088172,+-1Std,White,Зима
1161,2023-02-24,0.5065224681421864,+-1Std,White,Зима
1162,2023-02-25,0.5776630660928953,+-1Std,White,Зима
1163,2023-02-26,0.4174072387307682,+-3Std,Black,Зима
1164,2023-02-27,0.5176204297244413,+-1Std,White,Зима
1165,2023-02-28,0.47926771108897803,+-2Std,Black,Зима
1166,2023-03-01,0.45662036205730344,+-2Std,Black,Весна
1167,2023-03-02,0.5502018123328086,+-1Std,White,Весна
1168,2023-03-03,0.47212440663152744,+-2Std,Black,Весна
1169,2023-03-04,0.5755500563093315,+-1Std,White,Весна